id,text,letter_sound_correspondences,usage_count,word_type,spelling_consistency,root_word_id,root_word_text
1,งาน,"[{""sounds"":[""ŋ""],""id"":4,""letters"":[""ง""],""usageCount"":2338},{""sounds"":[""aː""],""id"":13,""letters"":[""า""],""usageCount"":2949},{""sounds"":[""n""],""id"":7,""letters"":[""น""],""usageCount"":4807}]",45,NOUN,,,
2,ปาย,"[{""sounds"":[""p""],""id"":8,""letters"":[""ป""],""usageCount"":1044},{""sounds"":[""aː""],""id"":13,""letters"":[""า""],""usageCount"":2949},{""sounds"":[""y""],""id"":14,""letters"":[""ย""],""usageCount"":848}]",0,VERB,,,
3,กบ,"[{""sounds"":[""k"",""ɔ""],""id"":15,""letters"":[""ก""],""usageCount"":44},{""sounds"":[""b""],""id"":1,""letters"":[""บ""],""usageCount"":523}]",44,NOUN,,,
4,มีด,"[{""sounds"":[""m""],""id"":12,""letters"":[""ม""],""usageCount"":2447},{""sounds"":[""iː""],""id"":16,""letters"":[""◌ี""],""usageCount"":1753},{""sounds"":[""d""],""id"":5,""letters"":[""ด""],""usageCount"":1422}]",1,NOUN,,,
5,ปากกา,"[{""sounds"":[""p""],""id"":8,""letters"":[""ป""],""usageCount"":1044},{""sounds"":[""aː""],""id"":13,""letters"":[""า""],""usageCount"":2949},{""sounds"":[""k""],""id"":3,""letters"":[""ก""],""usageCount"":2467},{""sounds"":[""k""],""id"":3,""letters"":[""ก""],""usageCount"":2467},{""sounds"":[""aː""],""id"":13,""letters"":[""า""],""usageCount"":2949}]",0,NOUN,,,
6,มี,"[{""sounds"":[""m""],""id"":12,""letters"":[""ม""],""usageCount"":2447},{""sounds"":[""iː""],""id"":16,""letters"":[""◌ี""],""usageCount"":1753}]",341,VERB,,,
7,ดู,"[{""sounds"":[""d""],""id"":5,""letters"":[""ด""],""usageCount"":1422},{""sounds"":[""uː""],""id"":17,""letters"":[""◌ู""],""usageCount"":930}]",117,VERB,,,
8,หวาน,"[{""sounds"":[""h""],""id"":19,""letters"":[""ห""],""usageCount"":668},{""sounds"":[""w""],""id"":18,""letters"":[""ว""],""usageCount"":1203},{""sounds"":[""aː""],""id"":13,""letters"":[""า""],""usageCount"":2949},{""sounds"":[""n""],""id"":7,""letters"":[""น""],""usageCount"":4807}]",17,ADJECTIVE,,,
9,แพง,"[{""sounds"":[""pʰ""],""id"":21,""letters"":[""พ""],""usageCount"":398},{""sounds"":[""ɛː""],""id"":20,""letters"":[""แ"",""◌""],""usageCount"":50},{""sounds"":[""ŋ""],""id"":4,""letters"":[""ง""],""usageCount"":2338}]",2,ADJECTIVE,,,
10,ลิง,"[{""sounds"":[""l""],""id"":22,""letters"":[""ล""],""usageCount"":1641},{""sounds"":[""i""],""id"":23,""letters"":[""◌ิ""],""usageCount"":330},{""sounds"":[""ŋ""],""id"":4,""letters"":[""ง""],""usageCount"":2338}]",22,NOUN,,,
11,จาน,"[{""sounds"":[""tɕ""],""id"":24,""letters"":[""จ""],""usageCount"":1195},{""sounds"":[""aː""],""id"":13,""letters"":[""า""],""usageCount"":2949},{""sounds"":[""n""],""id"":7,""letters"":[""น""],""usageCount"":4807}]",4,NOUN,,,
12,ควาย,"[{""sounds"":[""kʰ""],""id"":25,""letters"":[""ค""],""usageCount"":652},{""sounds"":[""w""],""id"":18,""letters"":[""ว""],""usageCount"":1203},{""sounds"":[""aː""],""id"":13,""letters"":[""า""],""usageCount"":2949},{""sounds"":[""y""],""id"":14,""letters"":[""ย""],""usageCount"":848}]",2,NOUN,,,
13,ปลา,"[{""sounds"":[""p""],""id"":8,""letters"":[""ป""],""usageCount"":1044},{""sounds"":[""l""],""id"":22,""letters"":[""ล""],""usageCount"":1641},{""sounds"":[""aː""],""id"":13,""letters"":[""า""],""usageCount"":2949}]",60,NOUN,,,
14,ทหาร,"[{""sounds"":[""tʰ"",""a""],""id"":28,""letters"":[""ท""],""usageCount"":0},{""sounds"":[""h""],""id"":19,""letters"":[""ห""],""usageCount"":668},{""sounds"":[""aː""],""id"":13,""letters"":[""า""],""usageCount"":2949},{""sounds"":[""n""],""id"":26,""letters"":[""ร""],""usageCount"":160}]",0,NOUN,,,
15,ธง,"[{""sounds"":[""tʰ"",""o""],""id"":29,""letters"":[""ธ""],""usageCount"":0},{""sounds"":[""ŋ""],""id"":4,""letters"":[""ง""],""usageCount"":2338}]",0,NOUN,,,
16,ผอม,"[{""sounds"":[""pʰ""],""id"":30,""letters"":[""ผ""],""usageCount"":1},{""sounds"":[""ɔː""],""id"":31,""letters"":[""◌"",""อ""],""usageCount"":1183},{""sounds"":[""m""],""id"":12,""letters"":[""ม""],""usageCount"":2447}]",1,ADJECTIVE,,,
17,สูง,"[{""sounds"":[""s""],""id"":32,""letters"":[""ส""],""usageCount"":626},{""sounds"":[""uː""],""id"":17,""letters"":[""◌ู""],""usageCount"":930},{""sounds"":[""ŋ""],""id"":4,""letters"":[""ง""],""usageCount"":2338}]",23,ADJECTIVE,,,
18,น่ารัก,"[{""sounds"":[""n""],""id"":33,""letters"":[""น"",""่""],""usageCount"":0},{""sounds"":[""aː""],""id"":13,""letters"":[""า""],""usageCount"":2949},{""sounds"":[""r""],""id"":27,""letters"":[""ร""],""usageCount"":872},{""sounds"":[""a""],""id"":34,""letters"":[""◌ั""],""usageCount"":2231},{""sounds"":[""k""],""id"":3,""letters"":[""ก""],""usageCount"":2467}]",0,ADJECTIVE,,,
19,ว่า,"[{""sounds"":[""w""],""id"":18,""letters"":[""ว""],""usageCount"":1203},{""sounds"":[""∅""],""id"":116,""letters"":[""◌่""],""usageCount"":2888},{""sounds"":[""aː""],""id"":13,""letters"":[""า""],""usageCount"":2949}]",320,,,,
20,ศาสนา,"[{""sounds"":[""s""],""id"":36,""letters"":[""ศ""],""usageCount"":1},{""sounds"":[""aː""],""id"":13,""letters"":[""า""],""usageCount"":2949},{""sounds"":[""s"",""a""],""id"":37,""letters"":[""ส""],""usageCount"":40},{""sounds"":[""n""],""id"":7,""letters"":[""น""],""usageCount"":4807},{""sounds"":[""aː""],""id"":13,""letters"":[""า""],""usageCount"":2949}]",1,NOUN,,,
21,จาม,"[{""sounds"":[""tɕ""],""id"":24,""letters"":[""จ""],""usageCount"":1195},{""sounds"":[""aː""],""id"":13,""letters"":[""า""],""usageCount"":2949},{""sounds"":[""m""],""id"":12,""letters"":[""ม""],""usageCount"":2447}]",4,VERB,,,
22,ขนาด,"[{""sounds"":[""kʰ"",""a""],""id"":39,""letters"":[""ข""],""usageCount"":25},{""sounds"":[""n""],""id"":7,""letters"":[""น""],""usageCount"":4807},{""sounds"":[""aː""],""id"":13,""letters"":[""า""],""usageCount"":2949},{""sounds"":[""d""],""id"":5,""letters"":[""ด""],""usageCount"":1422}]",25,NOUN,,,
23,ดาว,"[{""sounds"":[""d""],""id"":5,""letters"":[""ด""],""usageCount"":1422},{""sounds"":[""aː""],""id"":13,""letters"":[""า""],""usageCount"":2949},{""sounds"":[""w""],""id"":18,""letters"":[""ว""],""usageCount"":1203}]",34,NOUN,,,
24,ไข่,"[{""sounds"":[""kʰ""],""id"":41,""letters"":[""ข"",""่""],""usageCount"":19},{""sounds"":[""a"",""j""],""id"":40,""letters"":[""ไ"",""◌""],""usageCount"":782}]",19,NOUN,,,
25,ทราบ,"[{""sounds"":[""s""],""id"":42,""letters"":[""ท"",""ร""],""usageCount"":0},{""sounds"":[""aː""],""id"":13,""letters"":[""า""],""usageCount"":2949},{""sounds"":[""p""],""id"":2,""letters"":[""บ""],""usageCount"":509}]",0,VERB,,,
26,ปู,"[{""sounds"":[""p""],""id"":8,""letters"":[""ป""],""usageCount"":1044},{""sounds"":[""uː""],""id"":17,""letters"":[""◌ู""],""usageCount"":930}]",9,NOUN,,,
27,ยา,"[{""sounds"":[""y""],""id"":14,""letters"":[""ย""],""usageCount"":848},{""sounds"":[""aː""],""id"":13,""letters"":[""า""],""usageCount"":2949}]",29,NOUN,,,
28,คิด,"[{""sounds"":[""kʰ""],""id"":25,""letters"":[""ค""],""usageCount"":652},{""sounds"":[""i""],""id"":23,""letters"":[""◌ิ""],""usageCount"":330},{""sounds"":[""d""],""id"":5,""letters"":[""ด""],""usageCount"":1422}]",93,VERB,,,
29,นอน,"[{""sounds"":[""n""],""id"":7,""letters"":[""น""],""usageCount"":4807},{""sounds"":[""ɔː""],""id"":31,""letters"":[""◌"",""อ""],""usageCount"":1183},{""sounds"":[""n""],""id"":7,""letters"":[""น""],""usageCount"":4807}]",23,VERB,,,
30,ไป,"[{""sounds"":[""p""],""id"":8,""letters"":[""ป""],""usageCount"":1044},{""sounds"":[""a"",""j""],""id"":40,""letters"":[""ไ"",""◌""],""usageCount"":782}]",603,VERB,,,
31,ยาก,"[{""sounds"":[""y""],""id"":14,""letters"":[""ย""],""usageCount"":848},{""sounds"":[""aː""],""id"":13,""letters"":[""า""],""usageCount"":2949},{""sounds"":[""k""],""id"":3,""letters"":[""ก""],""usageCount"":2467}]",5,ADJECTIVE,,,
32,นาที,"[{""sounds"":[""n""],""id"":7,""letters"":[""น""],""usageCount"":4807},{""sounds"":[""aː""],""id"":13,""letters"":[""า""],""usageCount"":2949},{""sounds"":[""tʰ""],""id"":43,""letters"":[""ท""],""usageCount"":1096},{""sounds"":[""iː""],""id"":16,""letters"":[""◌ี""],""usageCount"":1753}]",1,NOUN,,,
33,สอง,"[{""sounds"":[""s""],""id"":32,""letters"":[""ส""],""usageCount"":626},{""sounds"":[""ɔː""],""id"":31,""letters"":[""◌"",""อ""],""usageCount"":1183},{""sounds"":[""ŋ""],""id"":4,""letters"":[""ง""],""usageCount"":2338}]",74,NUMBER,,,
34,ของ,"[{""sounds"":[""kʰ""],""id"":38,""letters"":[""ข""],""usageCount"":843},{""sounds"":[""ɔː""],""id"":31,""letters"":[""◌"",""อ""],""usageCount"":1183},{""sounds"":[""ŋ""],""id"":4,""letters"":[""ง""],""usageCount"":2338}]",433,PREPOSITION,,,
35,มา,"[{""sounds"":[""m""],""id"":12,""letters"":[""ม""],""usageCount"":2447},{""sounds"":[""aː""],""id"":13,""letters"":[""า""],""usageCount"":2949}]",466,VERB,,,
36,ฉัน,"[{""sounds"":[""tɕʰ""],""id"":44,""letters"":[""ฉ""],""usageCount"":475},{""sounds"":[""a""],""id"":34,""letters"":[""◌ั""],""usageCount"":2231},{""sounds"":[""n""],""id"":7,""letters"":[""น""],""usageCount"":4807}]",475,PRONOUN,,,
37,จาก,"[{""sounds"":[""tɕ""],""id"":24,""letters"":[""จ""],""usageCount"":1195},{""sounds"":[""aː""],""id"":13,""letters"":[""า""],""usageCount"":2949},{""sounds"":[""k""],""id"":3,""letters"":[""ก""],""usageCount"":2467}]",191,PREPOSITION,,,
38,จังหวัด,"[{""sounds"":[""tɕ""],""id"":24,""letters"":[""จ""],""usageCount"":1195},{""sounds"":[""a""],""id"":34,""letters"":[""◌ั""],""usageCount"":2231},{""sounds"":[""ŋ""],""id"":4,""letters"":[""ง""],""usageCount"":2338},{""sounds"":[""w""],""id"":107,""letters"":[""ห"",""ว""],""usageCount"":25},{""sounds"":[""a""],""id"":34,""letters"":[""◌ั""],""usageCount"":2231},{""sounds"":[""t""],""id"":6,""letters"":[""ด""],""usageCount"":282}]",25,NOUN,,,
39,ฟัน,"[{""sounds"":[""f""],""id"":10,""letters"":[""ฟ""],""usageCount"":133},{""sounds"":[""a""],""id"":34,""letters"":[""◌ั""],""usageCount"":2231},{""sounds"":[""n""],""id"":7,""letters"":[""น""],""usageCount"":4807}]",52,NOUN,,,
40,คุณ,"[{""sounds"":[""kʰ""],""id"":25,""letters"":[""ค""],""usageCount"":652},{""sounds"":[""u""],""id"":46,""letters"":[""◌ุ""],""usageCount"":354},{""sounds"":[""n""],""id"":45,""letters"":[""ณ""],""usageCount"":201}]",201,PRONOUN,,,
41,งู,"[{""sounds"":[""ŋ""],""id"":4,""letters"":[""ง""],""usageCount"":2338},{""sounds"":[""uː""],""id"":17,""letters"":[""◌ู""],""usageCount"":930}]",14,NOUN,,,
42,สาม,"[{""sounds"":[""s""],""id"":32,""letters"":[""ส""],""usageCount"":626},{""sounds"":[""aː""],""id"":13,""letters"":[""า""],""usageCount"":2949},{""sounds"":[""m""],""id"":12,""letters"":[""ม""],""usageCount"":2447}]",34,NUMBER,,,
43,หก,"[{""sounds"":[""h"",""ɔ""],""id"":47,""letters"":[""ห""],""usageCount"":12},{""sounds"":[""k""],""id"":3,""letters"":[""ก""],""usageCount"":2467}]",12,NUMBER,,,
44,ตา,"[{""sounds"":[""t""],""id"":48,""letters"":[""ต""],""usageCount"":849},{""sounds"":[""aː""],""id"":13,""letters"":[""า""],""usageCount"":2949}]",51,NOUN,,,
45,ผม,"[{""sounds"":[""pʰ"",""o""],""id"":49,""letters"":[""ผ""],""usageCount"":49},{""sounds"":[""m""],""id"":12,""letters"":[""ม""],""usageCount"":2447}]",49,NOUN,,,
46,หู,"[{""sounds"":[""h""],""id"":19,""letters"":[""ห""],""usageCount"":668},{""sounds"":[""uː""],""id"":17,""letters"":[""◌ู""],""usageCount"":930}]",6,NOUN,,,
47,ฝน,"[{""sounds"":[""f"",""o""],""id"":50,""letters"":[""ฝ""],""usageCount"":21},{""sounds"":[""n""],""id"":7,""letters"":[""น""],""usageCount"":4807}]",21,NOUN,,,
48,ดี,"[{""sounds"":[""d""],""id"":5,""letters"":[""ด""],""usageCount"":1422},{""sounds"":[""iː""],""id"":16,""letters"":[""◌ี""],""usageCount"":1753}]",167,ADJECTIVE,,,
49,เพลง,"[{""sounds"":[""pʰ""],""id"":21,""letters"":[""พ""],""usageCount"":398},{""sounds"":[""l""],""id"":22,""letters"":[""ล""],""usageCount"":1641},{""sounds"":[""eː""],""id"":106,""letters"":[""เ"",""◌"",""◌""],""usageCount"":95},{""sounds"":[""ŋ""],""id"":4,""letters"":[""ง""],""usageCount"":2338}]",17,NOUN,,,
50,เมฆ,"[{""sounds"":[""m""],""id"":12,""letters"":[""ม""],""usageCount"":2447},{""sounds"":[""eː""],""id"":51,""letters"":[""เ◌""],""usageCount"":71},{""sounds"":[""k""],""id"":52,""letters"":[""ฆ""],""usageCount"":9}]",9,NOUN,,,
51,ใน,"[{""sounds"":[""n""],""id"":7,""letters"":[""น""],""usageCount"":4807},{""sounds"":[""a"",""j""],""id"":53,""letters"":[""ใ"",""◌""],""usageCount"":361}]",292,PREPOSITION,,,
52,พวก,"[{""sounds"":[""pʰ"",""o""],""id"":54,""letters"":[""พ""],""usageCount"":223},{""sounds"":[""w"",""a""],""id"":55,""letters"":[""ว""],""usageCount"":267},{""sounds"":[""k""],""id"":3,""letters"":[""ก""],""usageCount"":2467}]",223,PRONOUN,,,
53,ยีราฟ,"[{""sounds"":[""y""],""id"":14,""letters"":[""ย""],""usageCount"":848},{""sounds"":[""iː""],""id"":16,""letters"":[""◌ี""],""usageCount"":1753},{""sounds"":[""r""],""id"":27,""letters"":[""ร""],""usageCount"":872},{""sounds"":[""aː""],""id"":13,""letters"":[""า""],""usageCount"":2949},{""sounds"":[""f""],""id"":10,""letters"":[""ฟ""],""usageCount"":133}]",5,NOUN,,,
54,หมา,"[{""sounds"":[""m""],""id"":57,""letters"":[""ห"",""ม""],""usageCount"":224},{""sounds"":[""aː""],""id"":13,""letters"":[""า""],""usageCount"":2949}]",10,NOUN,,,
55,ชาย,"[{""sounds"":[""tɕʰ""],""id"":58,""letters"":[""ช""],""usageCount"":272},{""sounds"":[""aː""],""id"":13,""letters"":[""า""],""usageCount"":2949},{""sounds"":[""y""],""id"":14,""letters"":[""ย""],""usageCount"":848}]",31,NOUN,,,
56,สาว,"[{""sounds"":[""s"",""a""],""id"":37,""letters"":[""ส""],""usageCount"":40},{""sounds"":[""aː""],""id"":13,""letters"":[""า""],""usageCount"":2949},{""sounds"":[""w""],""id"":18,""letters"":[""ว""],""usageCount"":1203}]",34,NOUN,,,
57,หยิบ,"[{""sounds"":[""y""],""id"":59,""letters"":[""ห"",""ย""],""usageCount"":16},{""sounds"":[""i""],""id"":23,""letters"":[""◌ิ""],""usageCount"":330},{""sounds"":[""p""],""id"":2,""letters"":[""บ""],""usageCount"":509}]",16,VERB,,,
58,จักรยาน,"[{""sounds"":[""tɕ""],""id"":24,""letters"":[""จ""],""usageCount"":1195},{""sounds"":[""a""],""id"":34,""letters"":[""◌ั""],""usageCount"":2231},{""sounds"":[""k""],""id"":3,""letters"":[""ก""],""usageCount"":2467},{""sounds"":[""r"",""a""],""id"":56,""letters"":[""ร""],""usageCount"":13},{""sounds"":[""y""],""id"":14,""letters"":[""ย""],""usageCount"":848},{""sounds"":[""aː""],""id"":13,""letters"":[""า""],""usageCount"":2949},{""sounds"":[""n""],""id"":7,""letters"":[""น""],""usageCount"":4807}]",13,NOUN,,,
59,วัน,"[{""sounds"":[""w""],""id"":18,""letters"":[""ว""],""usageCount"":1203},{""sounds"":[""a""],""id"":34,""letters"":[""◌ั""],""usageCount"":2231},{""sounds"":[""n""],""id"":7,""letters"":[""น""],""usageCount"":4807}]",152,NOUN,,,
60,กระรอก,"[{""sounds"":[""k""],""id"":3,""letters"":[""ก""],""usageCount"":2467},{""sounds"":[""r""],""id"":27,""letters"":[""ร""],""usageCount"":872},{""sounds"":[""a""],""id"":61,""letters"":[""ะ""],""usageCount"":787},{""sounds"":[""r""],""id"":27,""letters"":[""ร""],""usageCount"":872},{""sounds"":[""ɔː""],""id"":31,""letters"":[""◌"",""อ""],""usageCount"":1183},{""sounds"":[""k""],""id"":3,""letters"":[""ก""],""usageCount"":2467}]",12,NOUN,,,
61,กัน,"[{""sounds"":[""k""],""id"":3,""letters"":[""ก""],""usageCount"":2467},{""sounds"":[""a""],""id"":34,""letters"":[""◌ั""],""usageCount"":2231},{""sounds"":[""n""],""id"":7,""letters"":[""น""],""usageCount"":4807}]",241,ADVERB,,,
62,มัน,"[{""sounds"":[""m""],""id"":12,""letters"":[""ม""],""usageCount"":2447},{""sounds"":[""a""],""id"":34,""letters"":[""◌ั""],""usageCount"":2231},{""sounds"":[""n""],""id"":7,""letters"":[""น""],""usageCount"":4807}]",254,PRONOUN,,,
63,นก,"[{""sounds"":[""n"",""o""],""id"":62,""letters"":[""น""],""usageCount"":114},{""sounds"":[""k""],""id"":3,""letters"":[""ก""],""usageCount"":2467}]",102,NOUN,,,
64,ทาง,"[{""sounds"":[""tʰ""],""id"":43,""letters"":[""ท""],""usageCount"":1096},{""sounds"":[""aː""],""id"":13,""letters"":[""า""],""usageCount"":2949},{""sounds"":[""ŋ""],""id"":4,""letters"":[""ง""],""usageCount"":2338}]",79,NOUN,,,
65,หิน,"[{""sounds"":[""h""],""id"":19,""letters"":[""ห""],""usageCount"":668},{""sounds"":[""i""],""id"":23,""letters"":[""◌ิ""],""usageCount"":330},{""sounds"":[""n""],""id"":7,""letters"":[""น""],""usageCount"":4807}]",13,NOUN,,,
66,นะ,"[{""sounds"":[""n""],""id"":7,""letters"":[""น""],""usageCount"":4807},{""sounds"":[""a""],""id"":61,""letters"":[""ะ""],""usageCount"":787}]",191,,,,
67,หมี,"[{""sounds"":[""m""],""id"":57,""letters"":[""ห"",""ม""],""usageCount"":224},{""sounds"":[""iː""],""id"":16,""letters"":[""◌ี""],""usageCount"":1753}]",23,NOUN,,,
68,ลูก,"[{""sounds"":[""l""],""id"":22,""letters"":[""ล""],""usageCount"":1641},{""sounds"":[""uː""],""id"":17,""letters"":[""◌ู""],""usageCount"":930},{""sounds"":[""k""],""id"":3,""letters"":[""ก""],""usageCount"":2467}]",110,NOUN,,,
69,ขวา,"[{""sounds"":[""kʰ""],""id"":38,""letters"":[""ข""],""usageCount"":843},{""sounds"":[""w""],""id"":18,""letters"":[""ว""],""usageCount"":1203},{""sounds"":[""aː""],""id"":13,""letters"":[""า""],""usageCount"":2949}]",11,ADJECTIVE,,,
70,มากมาย,"[{""sounds"":[""m""],""id"":12,""letters"":[""ม""],""usageCount"":2447},{""sounds"":[""aː""],""id"":13,""letters"":[""า""],""usageCount"":2949},{""sounds"":[""k""],""id"":3,""letters"":[""ก""],""usageCount"":2467},{""sounds"":[""m""],""id"":12,""letters"":[""ม""],""usageCount"":2447},{""sounds"":[""aː""],""id"":13,""letters"":[""า""],""usageCount"":2949},{""sounds"":[""y""],""id"":14,""letters"":[""ย""],""usageCount"":848}]",19,ADVERB,,,
71,กิน,"[{""sounds"":[""k""],""id"":3,""letters"":[""ก""],""usageCount"":2467},{""sounds"":[""i""],""id"":23,""letters"":[""◌ิ""],""usageCount"":330},{""sounds"":[""n""],""id"":7,""letters"":[""น""],""usageCount"":4807}]",79,VERB,,,
72,จะ,"[{""sounds"":[""tɕ""],""id"":24,""letters"":[""จ""],""usageCount"":1195},{""sounds"":[""a""],""id"":61,""letters"":[""ะ""],""usageCount"":787}]",498,ADVERB,,,
73,พัก,"[{""sounds"":[""pʰ""],""id"":21,""letters"":[""พ""],""usageCount"":398},{""sounds"":[""a""],""id"":34,""letters"":[""◌ั""],""usageCount"":2231},{""sounds"":[""k""],""id"":3,""letters"":[""ก""],""usageCount"":2467}]",8,VERB,,,
74,ตัว,"[{""sounds"":[""t""],""id"":48,""letters"":[""ต""],""usageCount"":849},{""sounds"":[""u"",""a""],""id"":66,""letters"":[""◌ั"",""ว""],""usageCount"":316}]",274,NOUN,,,
75,กับ,"[{""sounds"":[""k""],""id"":3,""letters"":[""ก""],""usageCount"":2467},{""sounds"":[""a""],""id"":34,""letters"":[""◌ั""],""usageCount"":2231},{""sounds"":[""p""],""id"":2,""letters"":[""บ""],""usageCount"":509}]",241,PREPOSITION,,,
76,คน,"[{""sounds"":[""kʰ"",""o""],""id"":63,""letters"":[""ค""],""usageCount"":136},{""sounds"":[""n""],""id"":7,""letters"":[""น""],""usageCount"":4807}]",136,NOUN,,,
77,ละ,"[{""sounds"":[""l""],""id"":22,""letters"":[""ล""],""usageCount"":1641},{""sounds"":[""a""],""id"":61,""letters"":[""ะ""],""usageCount"":787}]",43,PREPOSITION,,,
78,รอ,"[{""sounds"":[""r""],""id"":27,""letters"":[""ร""],""usageCount"":872},{""sounds"":[""ɔː""],""id"":31,""letters"":[""◌"",""อ""],""usageCount"":1183}]",64,VERB,,,
79,ลา,"[{""sounds"":[""l""],""id"":22,""letters"":[""ล""],""usageCount"":1641},{""sounds"":[""aː""],""id"":13,""letters"":[""า""],""usageCount"":2949}]",41,NOUN,,,
80,กวาด,"[{""sounds"":[""k""],""id"":3,""letters"":[""ก""],""usageCount"":2467},{""sounds"":[""w""],""id"":18,""letters"":[""ว""],""usageCount"":1203},{""sounds"":[""aː""],""id"":13,""letters"":[""า""],""usageCount"":2949},{""sounds"":[""t""],""id"":6,""letters"":[""ด""],""usageCount"":282}]",2,VERB,,,
81,หมู,"[{""sounds"":[""m""],""id"":57,""letters"":[""ห"",""ม""],""usageCount"":224},{""sounds"":[""uː""],""id"":17,""letters"":[""◌ู""],""usageCount"":930}]",17,NOUN,,,
82,ลง,"[{""sounds"":[""l"",""o""],""id"":64,""letters"":[""ล""],""usageCount"":109},{""sounds"":[""ŋ""],""id"":4,""letters"":[""ง""],""usageCount"":2338}]",109,VERB,,,
83,หลัง,"[{""sounds"":[""l""],""id"":65,""letters"":[""ห"",""ล""],""usageCount"":45},{""sounds"":[""a""],""id"":34,""letters"":[""◌ั""],""usageCount"":2231},{""sounds"":[""ŋ""],""id"":4,""letters"":[""ง""],""usageCount"":2338}]",45,ADVERB,,,
84,การ,"[{""sounds"":[""k""],""id"":3,""letters"":[""ก""],""usageCount"":2467},{""sounds"":[""aː""],""id"":13,""letters"":[""า""],""usageCount"":2949},{""sounds"":[""n""],""id"":26,""letters"":[""ร""],""usageCount"":160}]",100,NOUN,,,
85,ครัว,"[{""sounds"":[""kʰ""],""id"":25,""letters"":[""ค""],""usageCount"":652},{""sounds"":[""r""],""id"":27,""letters"":[""ร""],""usageCount"":872},{""sounds"":[""u"",""a""],""id"":66,""letters"":[""◌ั"",""ว""],""usageCount"":316}]",14,NOUN,,,
86,อะไร,"[{""sounds"":[""a""],""id"":67,""letters"":[""อ"",""ะ""],""usageCount"":112},{""sounds"":[""r""],""id"":27,""letters"":[""ร""],""usageCount"":872},{""sounds"":[""a"",""j""],""id"":40,""letters"":[""ไ"",""◌""],""usageCount"":782}]",112,,,,
87,ชอบ,"[{""sounds"":[""tɕʰ""],""id"":58,""letters"":[""ช""],""usageCount"":272},{""sounds"":[""ɔː""],""id"":31,""letters"":[""◌"",""อ""],""usageCount"":1183},{""sounds"":[""p""],""id"":2,""letters"":[""บ""],""usageCount"":509}]",51,VERB,,,
88,สิบ,"[{""sounds"":[""s""],""id"":32,""letters"":[""ส""],""usageCount"":626},{""sounds"":[""i""],""id"":23,""letters"":[""◌ิ""],""usageCount"":330},{""sounds"":[""p""],""id"":2,""letters"":[""บ""],""usageCount"":509}]",9,NUMBER,,,
89,เขา,"[{""sounds"":[""kʰ""],""id"":38,""letters"":[""ข""],""usageCount"":843},{""sounds"":[""a"",""w""],""id"":69,""letters"":[""เ◌า""],""usageCount"":411}]",207,PRONOUN,,,
90,และ,"[{""sounds"":[""l""],""id"":22,""letters"":[""ล""],""usageCount"":1641},{""sounds"":[""ɛ""],""id"":70,""letters"":[""แ"",""◌"",""ะ""],""usageCount"":405}]",402,,,,
91,เธอ,"[{""sounds"":[""tʰ""],""id"":71,""letters"":[""ธ""],""usageCount"":392},{""sounds"":[""ɤː""],""id"":72,""letters"":[""เ"",""◌"",""อ""],""usageCount"":457}]",392,PRONOUN,,,
92,เรา,"[{""sounds"":[""r""],""id"":27,""letters"":[""ร""],""usageCount"":872},{""sounds"":[""a"",""w""],""id"":69,""letters"":[""เ◌า""],""usageCount"":411}]",204,PRONOUN,,,
93,คือ,"[{""sounds"":[""kʰ""],""id"":25,""letters"":[""ค""],""usageCount"":652},{""sounds"":[""ɯː""],""id"":73,""letters"":[""◌ือ""],""usageCount"":218}]",101,,,,
94,ออก,"[{""sounds"":[""ɔː""],""id"":74,""letters"":[""อ"",""อ""],""usageCount"":144},{""sounds"":[""k""],""id"":3,""letters"":[""ก""],""usageCount"":2467}]",144,,,,
95,กำลัง,"[{""sounds"":[""k""],""id"":3,""letters"":[""ก""],""usageCount"":2467},{""sounds"":[""a"",""m""],""id"":76,""letters"":[""ํ"",""า""],""usageCount"":210},{""sounds"":[""l""],""id"":22,""letters"":[""ล""],""usageCount"":1641},{""sounds"":[""a""],""id"":34,""letters"":[""◌ั""],""usageCount"":2231},{""sounds"":[""ŋ""],""id"":4,""letters"":[""ง""],""usageCount"":2338}]",76,NOUN,,,
96,แปด,"[{""sounds"":[""p""],""id"":8,""letters"":[""ป""],""usageCount"":1044},{""sounds"":[""ɛː""],""id"":20,""letters"":[""แ"",""◌""],""usageCount"":50},{""sounds"":[""t""],""id"":6,""letters"":[""ด""],""usageCount"":282}]",3,NUMBER,,,
97,ทำ,"[{""sounds"":[""tʰ""],""id"":43,""letters"":[""ท""],""usageCount"":1096},{""sounds"":[""a"",""m""],""id"":76,""letters"":[""ํ"",""า""],""usageCount"":210}]",125,VERB,,,
98,คณะ,"[{""sounds"":[""kʰ"",""a""],""id"":77,""letters"":[""ค""],""usageCount"":0},{""sounds"":[""n""],""id"":45,""letters"":[""ณ""],""usageCount"":201},{""sounds"":[""a""],""id"":61,""letters"":[""ะ""],""usageCount"":787}]",0,NOUN,,,
99,เดิน,"[{""sounds"":[""d""],""id"":5,""letters"":[""ด""],""usageCount"":1422},{""sounds"":[""ɤː""],""id"":78,""letters"":[""เ◌ิ""],""usageCount"":75},{""sounds"":[""n""],""id"":7,""letters"":[""น""],""usageCount"":4807}]",75,VERB,,,
100,เลย,"[{""sounds"":[""l""],""id"":22,""letters"":[""ล""],""usageCount"":1641},{""sounds"":[""ɤː"",""j""],""id"":79,""letters"":[""เ◌ย""],""usageCount"":163}]",163,ADVERB,,,
101,แสดง,"[{""sounds"":[""s"",""a""],""id"":37,""letters"":[""ส""],""usageCount"":40},{""sounds"":[""d""],""id"":5,""letters"":[""ด""],""usageCount"":1422},{""sounds"":[""ɛː""],""id"":80,""letters"":[""แ"",""◌"",""◌""],""usageCount"":828},{""sounds"":[""ŋ""],""id"":4,""letters"":[""ง""],""usageCount"":2338}]",5,VERB,,,
102,มาก,"[{""sounds"":[""m""],""id"":12,""letters"":[""ม""],""usageCount"":2447},{""sounds"":[""aː""],""id"":13,""letters"":[""า""],""usageCount"":2949},{""sounds"":[""k""],""id"":3,""letters"":[""ก""],""usageCount"":2467}]",149,ADVERB,,,
103,กลอง,"[{""sounds"":[""k""],""id"":3,""letters"":[""ก""],""usageCount"":2467},{""sounds"":[""l""],""id"":22,""letters"":[""ล""],""usageCount"":1641},{""sounds"":[""ɔː""],""id"":31,""letters"":[""◌"",""อ""],""usageCount"":1183},{""sounds"":[""ŋ""],""id"":4,""letters"":[""ง""],""usageCount"":2338}]",2,NOUN,,,
104,สุข,"[{""sounds"":[""s""],""id"":32,""letters"":[""ส""],""usageCount"":626},{""sounds"":[""u""],""id"":46,""letters"":[""◌ุ""],""usageCount"":354},{""sounds"":[""k""],""id"":82,""letters"":[""ข""],""usageCount"":51}]",51,,,,
105,ยัง,"[{""sounds"":[""y""],""id"":14,""letters"":[""ย""],""usageCount"":848},{""sounds"":[""a""],""id"":34,""letters"":[""◌ั""],""usageCount"":2231},{""sounds"":[""ŋ""],""id"":4,""letters"":[""ง""],""usageCount"":2338}]",131,ADVERB,,,
106,ครับ,"[{""sounds"":[""kʰ""],""id"":25,""letters"":[""ค""],""usageCount"":652},{""sounds"":[""r""],""id"":27,""letters"":[""ร""],""usageCount"":872},{""sounds"":[""a""],""id"":34,""letters"":[""◌ั""],""usageCount"":2231},{""sounds"":[""p""],""id"":2,""letters"":[""บ""],""usageCount"":509}]",19,,,,
107,เสียง,"[{""sounds"":[""s""],""id"":32,""letters"":[""ส""],""usageCount"":626},{""sounds"":[""i"",""a""],""id"":83,""letters"":[""เ◌ีย""],""usageCount"":191},{""sounds"":[""ŋ""],""id"":4,""letters"":[""ง""],""usageCount"":2338}]",95,NOUN,,,
108,สี,"[{""sounds"":[""s""],""id"":32,""letters"":[""ส""],""usageCount"":626},{""sounds"":[""iː""],""id"":16,""letters"":[""◌ี""],""usageCount"":1753}]",190,NOUN,,,
109,สวน,"[{""sounds"":[""s""],""id"":32,""letters"":[""ส""],""usageCount"":626},{""sounds"":[""u"",""a""],""id"":84,""letters"":[""◌"",""ว""],""usageCount"":414},{""sounds"":[""n""],""id"":7,""letters"":[""น""],""usageCount"":4807}]",13,NOUN,,,
110,บอก,"[{""sounds"":[""b""],""id"":1,""letters"":[""บ""],""usageCount"":523},{""sounds"":[""ɔː""],""id"":31,""letters"":[""◌"",""อ""],""usageCount"":1183},{""sounds"":[""k""],""id"":3,""letters"":[""ก""],""usageCount"":2467}]",111,VERB,,,
111,พูด,"[{""sounds"":[""pʰ""],""id"":21,""letters"":[""พ""],""usageCount"":398},{""sounds"":[""uː""],""id"":17,""letters"":[""◌ู""],""usageCount"":930},{""sounds"":[""t""],""id"":6,""letters"":[""ด""],""usageCount"":282}]",108,VERB,,,
112,พัน,"[{""sounds"":[""pʰ""],""id"":21,""letters"":[""พ""],""usageCount"":398},{""sounds"":[""a""],""id"":34,""letters"":[""◌ั""],""usageCount"":2231},{""sounds"":[""n""],""id"":7,""letters"":[""น""],""usageCount"":4807}]",5,NUMBER,,,
113,กลับ,"[{""sounds"":[""k""],""id"":3,""letters"":[""ก""],""usageCount"":2467},{""sounds"":[""l""],""id"":22,""letters"":[""ล""],""usageCount"":1641},{""sounds"":[""a""],""id"":34,""letters"":[""◌ั""],""usageCount"":2231},{""sounds"":[""p""],""id"":2,""letters"":[""บ""],""usageCount"":509}]",108,VERB,,,
114,ทาน,"[{""sounds"":[""tʰ""],""id"":43,""letters"":[""ท""],""usageCount"":1096},{""sounds"":[""aː""],""id"":13,""letters"":[""า""],""usageCount"":2949},{""sounds"":[""n""],""id"":7,""letters"":[""น""],""usageCount"":4807}]",0,VERB,,,
115,เรียน,"[{""sounds"":[""r""],""id"":27,""letters"":[""ร""],""usageCount"":872},{""sounds"":[""i"",""a""],""id"":83,""letters"":[""เ◌ีย""],""usageCount"":191},{""sounds"":[""n""],""id"":7,""letters"":[""น""],""usageCount"":4807}]",40,VERB,,,
116,สอน,"[{""sounds"":[""s""],""id"":32,""letters"":[""ส""],""usageCount"":626},{""sounds"":[""ɔː""],""id"":31,""letters"":[""◌"",""อ""],""usageCount"":1183},{""sounds"":[""n""],""id"":7,""letters"":[""น""],""usageCount"":4807}]",16,VERB,,,
117,นามสกุล,"[{""sounds"":[""n""],""id"":7,""letters"":[""น""],""usageCount"":4807},{""sounds"":[""aː""],""id"":13,""letters"":[""า""],""usageCount"":2949},{""sounds"":[""m""],""id"":12,""letters"":[""ม""],""usageCount"":2447},{""sounds"":[""s"",""a""],""id"":37,""letters"":[""ส""],""usageCount"":40},{""sounds"":[""k""],""id"":3,""letters"":[""ก""],""usageCount"":2467},{""sounds"":[""u""],""id"":46,""letters"":[""◌ุ""],""usageCount"":354},{""sounds"":[""n""],""id"":85,""letters"":[""ล""],""usageCount"":9}]",0,NOUN,,,
118,ประเทศ,"[{""sounds"":[""p""],""id"":8,""letters"":[""ป""],""usageCount"":1044},{""sounds"":[""r""],""id"":27,""letters"":[""ร""],""usageCount"":872},{""sounds"":[""a""],""id"":61,""letters"":[""ะ""],""usageCount"":787},{""sounds"":[""tʰ""],""id"":43,""letters"":[""ท""],""usageCount"":1096},{""sounds"":[""eː""],""id"":51,""letters"":[""เ◌""],""usageCount"":71},{""sounds"":[""t""],""id"":87,""letters"":[""ศ""],""usageCount"":7}]",7,NOUN,,,
119,เมือง,"[{""sounds"":[""m""],""id"":12,""letters"":[""ม""],""usageCount"":2447},{""sounds"":[""ɯ"",""a""],""id"":81,""letters"":[""เ"",""◌ื"",""อ""],""usageCount"":92},{""sounds"":[""ŋ""],""id"":4,""letters"":[""ง""],""usageCount"":2338}]",16,NOUN,,,
120,พยาบาล,"[{""sounds"":[""pʰ"",""a""],""id"":88,""letters"":[""พ""],""usageCount"":9},{""sounds"":[""y""],""id"":14,""letters"":[""ย""],""usageCount"":848},{""sounds"":[""aː""],""id"":13,""letters"":[""า""],""usageCount"":2949},{""sounds"":[""b""],""id"":1,""letters"":[""บ""],""usageCount"":523},{""sounds"":[""aː""],""id"":13,""letters"":[""า""],""usageCount"":2949},{""sounds"":[""n""],""id"":85,""letters"":[""ล""],""usageCount"":9}]",9,NOUN,,,
121,ไหม,"[{""sounds"":[""m""],""id"":57,""letters"":[""ห"",""ม""],""usageCount"":224},{""sounds"":[""a"",""y""],""id"":68,""letters"":[""ไ"",""◌""],""usageCount"":103}]",98,,,,
122,เอง,"[{""sounds"":[""eː""],""id"":103,""letters"":[""เ"",""อ""],""usageCount"":89},{""sounds"":[""ŋ""],""id"":4,""letters"":[""ง""],""usageCount"":2338}]",89,ADVERB,,,
123,หา,"[{""sounds"":[""h""],""id"":19,""letters"":[""ห""],""usageCount"":668},{""sounds"":[""aː""],""id"":13,""letters"":[""า""],""usageCount"":2949}]",128,VERB,,,
124,เวลา,"[{""sounds"":[""w""],""id"":18,""letters"":[""ว""],""usageCount"":1203},{""sounds"":[""eː""],""id"":51,""letters"":[""เ◌""],""usageCount"":71},{""sounds"":[""l""],""id"":22,""letters"":[""ล""],""usageCount"":1641},{""sounds"":[""aː""],""id"":13,""letters"":[""า""],""usageCount"":2949}]",55,NOUN,,,
125,ตอน,"[{""sounds"":[""t""],""id"":48,""letters"":[""ต""],""usageCount"":849},{""sounds"":[""ɔː""],""id"":31,""letters"":[""◌"",""อ""],""usageCount"":1183},{""sounds"":[""n""],""id"":7,""letters"":[""น""],""usageCount"":4807}]",88,,,,
126,สามารถ,"[{""sounds"":[""s""],""id"":32,""letters"":[""ส""],""usageCount"":626},{""sounds"":[""aː""],""id"":13,""letters"":[""า""],""usageCount"":2949},{""sounds"":[""m""],""id"":12,""letters"":[""ม""],""usageCount"":2447},{""sounds"":[""aː""],""id"":13,""letters"":[""า""],""usageCount"":2949},{""sounds"":[""t""],""id"":90,""letters"":[""ร"",""ถ""],""usageCount"":28}]",28,VERB,,,
127,อีก,"[{""sounds"":[""iː""],""id"":91,""letters"":[""อ"",""ี""],""usageCount"":98},{""sounds"":[""k""],""id"":3,""letters"":[""ก""],""usageCount"":2467}]",98,ADVERB,,,
128,ถาม,"[{""sounds"":[""tʰ""],""id"":92,""letters"":[""ถ""],""usageCount"":205},{""sounds"":[""aː""],""id"":13,""letters"":[""า""],""usageCount"":2949},{""sounds"":[""m""],""id"":12,""letters"":[""ม""],""usageCount"":2447}]",88,VERB,,,
129,หรือ,"[{""sounds"":[""r""],""id"":93,""letters"":[""ห"",""ร""],""usageCount"":88},{""sounds"":[""ɯː""],""id"":73,""letters"":[""◌ือ""],""usageCount"":218}]",88,,,,
130,ถึง,"[{""sounds"":[""tʰ""],""id"":92,""letters"":[""ถ""],""usageCount"":205},{""sounds"":[""ɯ""],""id"":94,""letters"":[""◌ึ""],""usageCount"":530},{""sounds"":[""ŋ""],""id"":4,""letters"":[""ง""],""usageCount"":2338}]",117,,,,
131,กระโดด,"[{""sounds"":[""k""],""id"":3,""letters"":[""ก""],""usageCount"":2467},{""sounds"":[""r""],""id"":27,""letters"":[""ร""],""usageCount"":872},{""sounds"":[""a""],""id"":61,""letters"":[""ะ""],""usageCount"":787},{""sounds"":[""d""],""id"":5,""letters"":[""ด""],""usageCount"":1422},{""sounds"":[""oː""],""id"":95,""letters"":[""โ"",""◌""],""usageCount"":135},{""sounds"":[""t""],""id"":6,""letters"":[""ด""],""usageCount"":282}]",36,VERB,,,
132,ใคร,"[{""sounds"":[""kʰ""],""id"":25,""letters"":[""ค""],""usageCount"":652},{""sounds"":[""r""],""id"":27,""letters"":[""ร""],""usageCount"":872},{""sounds"":[""a"",""j""],""id"":105,""letters"":[""ใ◌◌""],""usageCount"":417}]",42,PRONOUN,,,
133,วัว,"[{""sounds"":[""w""],""id"":18,""letters"":[""ว""],""usageCount"":1203},{""sounds"":[""u"",""a""],""id"":66,""letters"":[""◌ั"",""ว""],""usageCount"":316}]",7,NOUN,,,
134,แพะ,"[{""sounds"":[""pʰ""],""id"":21,""letters"":[""พ""],""usageCount"":398},{""sounds"":[""ɛ""],""id"":70,""letters"":[""แ"",""◌"",""ะ""],""usageCount"":405}]",3,NOUN,,,
135,สวย,"[{""sounds"":[""s""],""id"":32,""letters"":[""ส""],""usageCount"":626},{""sounds"":[""u"",""a""],""id"":84,""letters"":[""◌"",""ว""],""usageCount"":414},{""sounds"":[""y""],""id"":14,""letters"":[""ย""],""usageCount"":848}]",50,ADJECTIVE,,,
136,นกยูง,"[{""sounds"":[""n"",""o""],""id"":62,""letters"":[""น""],""usageCount"":114},{""sounds"":[""k""],""id"":3,""letters"":[""ก""],""usageCount"":2467},{""sounds"":[""y""],""id"":14,""letters"":[""ย""],""usageCount"":848},{""sounds"":[""uː""],""id"":17,""letters"":[""◌ู""],""usageCount"":930},{""sounds"":[""ŋ""],""id"":4,""letters"":[""ง""],""usageCount"":2338}]",12,NOUN,,,
137,งาม,"[{""sounds"":[""ŋ""],""id"":4,""letters"":[""ง""],""usageCount"":2338},{""sounds"":[""aː""],""id"":13,""letters"":[""า""],""usageCount"":2949},{""sounds"":[""m""],""id"":12,""letters"":[""ม""],""usageCount"":2447}]",24,ADJECTIVE,,,
138,ความ,"[{""sounds"":[""kʰ""],""id"":25,""letters"":[""ค""],""usageCount"":652},{""sounds"":[""w""],""id"":18,""letters"":[""ว""],""usageCount"":1203},{""sounds"":[""aː""],""id"":13,""letters"":[""า""],""usageCount"":2949},{""sounds"":[""m""],""id"":12,""letters"":[""ม""],""usageCount"":2447}]",94,NOUN,,,
139,หนู,"[{""sounds"":[""n""],""id"":60,""letters"":[""ห"",""น""],""usageCount"":336},{""sounds"":[""uː""],""id"":17,""letters"":[""◌ู""],""usageCount"":930}]",111,NOUN,,,
140,บน,"[{""sounds"":[""b"",""o""],""id"":96,""letters"":[""บ""],""usageCount"":82},{""sounds"":[""n""],""id"":7,""letters"":[""น""],""usageCount"":4807}]",82,PREPOSITION,,,
141,มอง,"[{""sounds"":[""m""],""id"":12,""letters"":[""ม""],""usageCount"":2447},{""sounds"":[""ɔː""],""id"":31,""letters"":[""◌"",""อ""],""usageCount"":1183},{""sounds"":[""ŋ""],""id"":4,""letters"":[""ง""],""usageCount"":2338}]",96,VERB,,,
142,เหมือน,"[{""sounds"":[""m""],""id"":57,""letters"":[""ห"",""ม""],""usageCount"":224},{""sounds"":[""ɯ"",""a""],""id"":81,""letters"":[""เ"",""◌ื"",""อ""],""usageCount"":92},{""sounds"":[""n""],""id"":7,""letters"":[""น""],""usageCount"":4807}]",76,ADVERB,,,
143,แวววาว,"[{""sounds"":[""w""],""id"":18,""letters"":[""ว""],""usageCount"":1203},{""sounds"":[""ɛː""],""id"":20,""letters"":[""แ"",""◌""],""usageCount"":50},{""sounds"":[""w""],""id"":18,""letters"":[""ว""],""usageCount"":1203},{""sounds"":[""w""],""id"":18,""letters"":[""ว""],""usageCount"":1203},{""sounds"":[""aː""],""id"":13,""letters"":[""า""],""usageCount"":2949},{""sounds"":[""w""],""id"":18,""letters"":[""ว""],""usageCount"":1203}]",1,ADJECTIVE,,,
144,อยาก,"[{""sounds"":[""y""],""id"":97,""letters"":[""อ"",""ย""],""usageCount"":484},{""sounds"":[""aː""],""id"":13,""letters"":[""า""],""usageCount"":2949},{""sounds"":[""k""],""id"":3,""letters"":[""ก""],""usageCount"":2467}]",92,VERB,,,
145,โรงเรียน,"[{""sounds"":[""r""],""id"":27,""letters"":[""ร""],""usageCount"":872},{""sounds"":[""oː""],""id"":95,""letters"":[""โ"",""◌""],""usageCount"":135},{""sounds"":[""ŋ""],""id"":4,""letters"":[""ง""],""usageCount"":2338},{""sounds"":[""r""],""id"":27,""letters"":[""ร""],""usageCount"":872},{""sounds"":[""i"",""a""],""id"":83,""letters"":[""เ◌ีย""],""usageCount"":191},{""sounds"":[""n""],""id"":7,""letters"":[""น""],""usageCount"":4807}]",56,NOUN,,,
146,ครู,"[{""sounds"":[""kʰ""],""id"":25,""letters"":[""ค""],""usageCount"":652},{""sounds"":[""r""],""id"":27,""letters"":[""ร""],""usageCount"":872},{""sounds"":[""uː""],""id"":17,""letters"":[""◌ู""],""usageCount"":930}]",44,NOUN,,,
147,วิดีโอ,"[{""sounds"":[""w""],""id"":18,""letters"":[""ว""],""usageCount"":1203},{""sounds"":[""i""],""id"":23,""letters"":[""◌ิ""],""usageCount"":330},{""sounds"":[""d""],""id"":5,""letters"":[""ด""],""usageCount"":1422},{""sounds"":[""iː""],""id"":16,""letters"":[""◌ี""],""usageCount"":1753},{""sounds"":[""oː""],""id"":98,""letters"":[""โ"",""อ""],""usageCount"":16}]",16,NOUN,,,
148,ตอบ,"[{""sounds"":[""t""],""id"":48,""letters"":[""ต""],""usageCount"":849},{""sounds"":[""ɔː""],""id"":31,""letters"":[""◌"",""อ""],""usageCount"":1183},{""sounds"":[""b""],""id"":1,""letters"":[""บ""],""usageCount"":523}]",74,VERB,,,
149,จึง,"[{""sounds"":[""tɕ""],""id"":24,""letters"":[""จ""],""usageCount"":1195},{""sounds"":[""ɯ""],""id"":94,""letters"":[""◌ึ""],""usageCount"":530},{""sounds"":[""ŋ""],""id"":4,""letters"":[""ง""],""usageCount"":2338}]",89,ADVERB,,,
150,เอา,"[{""sounds"":[""a"",""w""],""id"":104,""letters"":[""เ"",""อ"",""า""],""usageCount"":47}]",47,VERB,,,
151,ใจ,"[{""sounds"":[""tɕ""],""id"":24,""letters"":[""จ""],""usageCount"":1195},{""sounds"":[""a"",""j""],""id"":53,""letters"":[""ใ"",""◌""],""usageCount"":361}]",44,NOUN,,,
152,นัก,"[{""sounds"":[""n""],""id"":7,""letters"":[""น""],""usageCount"":4807},{""sounds"":[""a""],""id"":34,""letters"":[""◌ั""],""usageCount"":2231},{""sounds"":[""k""],""id"":3,""letters"":[""ก""],""usageCount"":2467}]",26,,,,
153,ทุก,"[{""sounds"":[""tʰ""],""id"":43,""letters"":[""ท""],""usageCount"":1096},{""sounds"":[""u""],""id"":46,""letters"":[""◌ุ""],""usageCount"":354},{""sounds"":[""k""],""id"":3,""letters"":[""ก""],""usageCount"":2467}]",102,ADVERB,,,
154,ไทย,"[{""sounds"":[""tʰ""],""id"":43,""letters"":[""ท""],""usageCount"":1096},{""sounds"":[""a"",""y""],""id"":68,""letters"":[""ไ"",""◌""],""usageCount"":103},{""sounds"":[""y""],""id"":14,""letters"":[""ย""],""usageCount"":848}]",5,,,,
155,หนังสือ,"[{""sounds"":[""n""],""id"":60,""letters"":[""ห"",""น""],""usageCount"":336},{""sounds"":[""a""],""id"":34,""letters"":[""◌ั""],""usageCount"":2231},{""sounds"":[""ŋ""],""id"":4,""letters"":[""ง""],""usageCount"":2338},{""sounds"":[""s""],""id"":32,""letters"":[""ส""],""usageCount"":626},{""sounds"":[""ɯː""],""id"":73,""letters"":[""◌ือ""],""usageCount"":218}]",29,NOUN,,,
156,อาหาร,"[{""sounds"":[""aː""],""id"":100,""letters"":[""อ"",""า""],""usageCount"":60},{""sounds"":[""h""],""id"":19,""letters"":[""ห""],""usageCount"":668},{""sounds"":[""aː""],""id"":13,""letters"":[""า""],""usageCount"":2949},{""sounds"":[""n""],""id"":26,""letters"":[""ร""],""usageCount"":160}]",60,NOUN,,,
157,ดวง,"[{""sounds"":[""d""],""id"":5,""letters"":[""ด""],""usageCount"":1422},{""sounds"":[""w"",""a""],""id"":55,""letters"":[""ว""],""usageCount"":267},{""sounds"":[""ŋ""],""id"":4,""letters"":[""ง""],""usageCount"":2338}]",44,NOUN,,,
158,จืด,"[{""sounds"":[""tɕ""],""id"":24,""letters"":[""จ""],""usageCount"":1195},{""sounds"":[""ɯː""],""id"":101,""letters"":[""◌ื""],""usageCount"":25},{""sounds"":[""t""],""id"":6,""letters"":[""ด""],""usageCount"":282}]",25,ADJECTIVE,,,
159,โดย,"[{""sounds"":[""d""],""id"":5,""letters"":[""ด""],""usageCount"":1422},{""sounds"":[""oː""],""id"":95,""letters"":[""โ"",""◌""],""usageCount"":135},{""sounds"":[""y""],""id"":14,""letters"":[""ย""],""usageCount"":848}]",38,PREPOSITION,,,
160,ครอบครัว,"[{""sounds"":[""kʰ""],""id"":25,""letters"":[""ค""],""usageCount"":652},{""sounds"":[""r""],""id"":27,""letters"":[""ร""],""usageCount"":872},{""sounds"":[""ɔː""],""id"":31,""letters"":[""◌"",""อ""],""usageCount"":1183},{""sounds"":[""p""],""id"":2,""letters"":[""บ""],""usageCount"":509},{""sounds"":[""kʰ""],""id"":25,""letters"":[""ค""],""usageCount"":652},{""sounds"":[""r""],""id"":27,""letters"":[""ร""],""usageCount"":872},{""sounds"":[""u"",""a""],""id"":66,""letters"":[""◌ั"",""ว""],""usageCount"":316}]",21,NOUN,,,
161,กลาง,"[{""sounds"":[""k""],""id"":3,""letters"":[""ก""],""usageCount"":2467},{""sounds"":[""l""],""id"":22,""letters"":[""ล""],""usageCount"":1641},{""sounds"":[""aː""],""id"":13,""letters"":[""า""],""usageCount"":2949},{""sounds"":[""ŋ""],""id"":4,""letters"":[""ง""],""usageCount"":2338}]",11,NOUN,,,
162,บิน,"[{""sounds"":[""b""],""id"":1,""letters"":[""บ""],""usageCount"":523},{""sounds"":[""i""],""id"":23,""letters"":[""◌ิ""],""usageCount"":330},{""sounds"":[""n""],""id"":7,""letters"":[""น""],""usageCount"":4807}]",77,VERB,,,
163,ขวด,"[{""sounds"":[""kʰ""],""id"":38,""letters"":[""ข""],""usageCount"":843},{""sounds"":[""u"",""a""],""id"":84,""letters"":[""◌"",""ว""],""usageCount"":414},{""sounds"":[""t""],""id"":6,""letters"":[""ด""],""usageCount"":282}]",16,NOUN,,,
164,ลอง,"[{""sounds"":[""l""],""id"":22,""letters"":[""ล""],""usageCount"":1641},{""sounds"":[""ɔː""],""id"":31,""letters"":[""◌"",""อ""],""usageCount"":1183},{""sounds"":[""ŋ""],""id"":4,""letters"":[""ง""],""usageCount"":2338}]",43,VERB,,,
165,สำรวจ,"[{""sounds"":[""s""],""id"":32,""letters"":[""ส""],""usageCount"":626},{""sounds"":[""a"",""m""],""id"":76,""letters"":[""ํ"",""า""],""usageCount"":210},{""sounds"":[""r""],""id"":27,""letters"":[""ร""],""usageCount"":872},{""sounds"":[""u"",""a""],""id"":84,""letters"":[""◌"",""ว""],""usageCount"":414},{""sounds"":[""t""],""id"":102,""letters"":[""จ""],""usageCount"":9}]",9,VERB,,,
166,เจอ,"[{""sounds"":[""tɕ""],""id"":24,""letters"":[""จ""],""usageCount"":1195},{""sounds"":[""ɤː""],""id"":72,""letters"":[""เ"",""◌"",""อ""],""usageCount"":457}]",65,VERB,,,
167,แบบ,"[{""sounds"":[""b""],""id"":1,""letters"":[""บ""],""usageCount"":523},{""sounds"":[""ɛː""],""id"":20,""letters"":[""แ"",""◌""],""usageCount"":50},{""sounds"":[""p""],""id"":2,""letters"":[""บ""],""usageCount"":509}]",44,NOUN,,,
168,รู,"[{""sounds"":[""r""],""id"":27,""letters"":[""ร""],""usageCount"":872},{""sounds"":[""uː""],""id"":17,""letters"":[""◌ู""],""usageCount"":930}]",49,,,,
169,รูป,"[{""sounds"":[""r""],""id"":27,""letters"":[""ร""],""usageCount"":872},{""sounds"":[""uː""],""id"":17,""letters"":[""◌ู""],""usageCount"":930},{""sounds"":[""p""],""id"":8,""letters"":[""ป""],""usageCount"":1044}]",49,NOUN,,,
170,วาด,"[{""sounds"":[""w""],""id"":18,""letters"":[""ว""],""usageCount"":1203},{""sounds"":[""aː""],""id"":13,""letters"":[""า""],""usageCount"":2949},{""sounds"":[""t""],""id"":6,""letters"":[""ด""],""usageCount"":282}]",48,VERB,,,
171,ไหน,"[{""sounds"":[""n""],""id"":60,""letters"":[""ห"",""น""],""usageCount"":336},{""sounds"":[""a"",""j""],""id"":40,""letters"":[""ไ"",""◌""],""usageCount"":782}]",48,PRONOUN,,,
172,สิงโต,"[{""sounds"":[""s""],""id"":32,""letters"":[""ส""],""usageCount"":626},{""sounds"":[""i""],""id"":23,""letters"":[""◌ิ""],""usageCount"":330},{""sounds"":[""ŋ""],""id"":4,""letters"":[""ง""],""usageCount"":2338},{""sounds"":[""t""],""id"":48,""letters"":[""ต""],""usageCount"":849},{""sounds"":[""oː""],""id"":95,""letters"":[""โ"",""◌""],""usageCount"":135}]",5,NOUN,,,
173,เป็ด,"[{""sounds"":[""p""],""id"":8,""letters"":[""ป""],""usageCount"":1044},{""sounds"":[""e""],""id"":108,""letters"":[""เ"",""◌็""],""usageCount"":594},{""sounds"":[""t""],""id"":6,""letters"":[""ด""],""usageCount"":282}]",19,NOUN,,,
174,ทันใด,"[{""sounds"":[""tʰ""],""id"":43,""letters"":[""ท""],""usageCount"":1096},{""sounds"":[""a""],""id"":34,""letters"":[""◌ั""],""usageCount"":2231},{""sounds"":[""n""],""id"":7,""letters"":[""น""],""usageCount"":4807},{""sounds"":[""d""],""id"":5,""letters"":[""ด""],""usageCount"":1422},{""sounds"":[""a"",""j""],""id"":53,""letters"":[""ใ"",""◌""],""usageCount"":361}]",25,ADVERB,,,
175,ไม่,"[{""sounds"":[""m""],""id"":12,""letters"":[""ม""],""usageCount"":2447},{""sounds"":[""∅""],""id"":116,""letters"":[""◌่""],""usageCount"":2888},{""sounds"":[""a"",""j""],""id"":121,""letters"":[""ไ"",""◌"",""◌""],""usageCount"":873}]",475,,,,
176,ที่,"[{""sounds"":[""tʰ""],""id"":43,""letters"":[""ท""],""usageCount"":1096},{""sounds"":[""iː""],""id"":16,""letters"":[""◌ี""],""usageCount"":1753},{""sounds"":[""∅""],""id"":116,""letters"":[""◌่""],""usageCount"":2888}]",659,PREPOSITION,,,
177,ก็,"[{""sounds"":[""k"",""ɔ""],""id"":111,""letters"":[""ก"","" ็""],""usageCount"":423}]",423,ADVERB,,,
178,แล้ว,"[{""sounds"":[""l""],""id"":22,""letters"":[""ล""],""usageCount"":1641},{""sounds"":[""∅""],""id"":117,""letters"":[""◌้""],""usageCount"":2612},{""sounds"":[""ɛː""],""id"":80,""letters"":[""แ"",""◌"",""◌""],""usageCount"":828},{""sounds"":[""w""],""id"":18,""letters"":[""ว""],""usageCount"":1203}]",407,ADVERB,,,
179,ได้,"[{""sounds"":[""d""],""id"":5,""letters"":[""ด""],""usageCount"":1422},{""sounds"":[""∅""],""id"":117,""letters"":[""◌้""],""usageCount"":2612},{""sounds"":[""a"",""j""],""id"":121,""letters"":[""ไ"",""◌"",""◌""],""usageCount"":873}]",398,VERB,,,
180,เป็น,"[{""sounds"":[""p""],""id"":8,""letters"":[""ป""],""usageCount"":1044},{""sounds"":[""e""],""id"":108,""letters"":[""เ"",""◌็""],""usageCount"":594},{""sounds"":[""n""],""id"":7,""letters"":[""น""],""usageCount"":4807}]",294,VERB,,,
181,ให้,"[{""sounds"":[""h""],""id"":19,""letters"":[""ห""],""usageCount"":668},{""sounds"":[""∅""],""id"":117,""letters"":[""◌้""],""usageCount"":2612},{""sounds"":[""a"",""j""],""id"":105,""letters"":[""ใ◌◌""],""usageCount"":417}]",293,VERB,,,
182,อยู่,"[{""sounds"":[""y""],""id"":97,""letters"":[""อ"",""ย""],""usageCount"":484},{""sounds"":[""uː""],""id"":17,""letters"":[""◌ู""],""usageCount"":930},{""sounds"":[""∅""],""id"":116,""letters"":[""◌่""],""usageCount"":2888}]",261,VERB,,,
183,นี้,"[{""sounds"":[""n""],""id"":7,""letters"":[""น""],""usageCount"":4807},{""sounds"":[""iː""],""id"":16,""letters"":[""◌ี""],""usageCount"":1753},{""sounds"":[""∅""],""id"":117,""letters"":[""◌้""],""usageCount"":2612}]",229,PRONOUN,,,
184,เจ้า,"[{""sounds"":[""tɕ""],""id"":24,""letters"":[""จ""],""usageCount"":1195},{""sounds"":[""∅""],""id"":117,""letters"":[""◌้""],""usageCount"":2612},{""sounds"":[""a"",""w""],""id"":122,""letters"":[""เ"",""◌"",""◌"",""า""],""usageCount"":237}]",237,,,,
185,แต่,"[{""sounds"":[""t""],""id"":48,""letters"":[""ต""],""usageCount"":849},{""sounds"":[""∅""],""id"":116,""letters"":[""◌่""],""usageCount"":2888},{""sounds"":[""ɛː""],""id"":80,""letters"":[""แ"",""◌"",""◌""],""usageCount"":828}]",222,,,,
186,ด้วย,"[{""sounds"":[""d""],""id"":5,""letters"":[""ด""],""usageCount"":1422},{""sounds"":[""∅""],""id"":117,""letters"":[""◌้""],""usageCount"":2612},{""sounds"":[""u"",""a""],""id"":84,""letters"":[""◌"",""ว""],""usageCount"":414},{""sounds"":[""y""],""id"":14,""letters"":[""ย""],""usageCount"":848}]",218,ADVERB,,,
187,แม่,"[{""sounds"":[""m""],""id"":12,""letters"":[""ม""],""usageCount"":2447},{""sounds"":[""∅""],""id"":116,""letters"":[""◌่""],""usageCount"":2888},{""sounds"":[""ɛː""],""id"":80,""letters"":[""แ"",""◌"",""◌""],""usageCount"":828}]",191,NOUN,,,
188,นั้น,"[{""sounds"":[""n""],""id"":7,""letters"":[""น""],""usageCount"":4807},{""sounds"":[""a""],""id"":34,""letters"":[""◌ั""],""usageCount"":2231},{""sounds"":[""∅""],""id"":117,""letters"":[""◌้""],""usageCount"":2612},{""sounds"":[""n""],""id"":7,""letters"":[""น""],""usageCount"":4807}]",188,ADJECTIVE,,,
189,เพื่อน,"[{""sounds"":[""pʰ""],""id"":21,""letters"":[""พ""],""usageCount"":398},{""sounds"":[""ɯ"",""a""],""id"":123,""letters"":[""เ"",""◌ื"",""่"",""อ""],""usageCount"":270},{""sounds"":[""n""],""id"":7,""letters"":[""น""],""usageCount"":4807}]",181,NOUN,,,
190,ขึ้น,"[{""sounds"":[""kʰ""],""id"":38,""letters"":[""ข""],""usageCount"":843},{""sounds"":[""ɯ""],""id"":94,""letters"":[""◌ึ""],""usageCount"":530},{""sounds"":[""∅""],""id"":117,""letters"":[""◌้""],""usageCount"":2612},{""sounds"":[""n""],""id"":7,""letters"":[""น""],""usageCount"":4807}]",176,VERB,,,
191,น้อย,"[{""sounds"":[""n""],""id"":7,""letters"":[""น""],""usageCount"":4807},{""sounds"":[""∅""],""id"":120,""letters"":[""้""],""usageCount"":384},{""sounds"":[""ɔː""],""id"":124,""letters"":[""อ""],""usageCount"":308},{""sounds"":[""y""],""id"":14,""letters"":[""ย""],""usageCount"":848}]",173,ADJECTIVE,,,
192,บ้าน,"[{""sounds"":[""b""],""id"":1,""letters"":[""บ""],""usageCount"":523},{""sounds"":[""∅""],""id"":117,""letters"":[""◌้""],""usageCount"":2612},{""sounds"":[""aː""],""id"":13,""letters"":[""า""],""usageCount"":2949},{""sounds"":[""n""],""id"":7,""letters"":[""น""],""usageCount"":4807}]",164,NOUN,,,
193,แมลง,"[{""sounds"":[""m"",""a""],""id"":125,""letters"":[""ม""],""usageCount"":3},{""sounds"":[""l""],""id"":22,""letters"":[""ล""],""usageCount"":1641},{""sounds"":[""ɛː""],""id"":80,""letters"":[""แ"",""◌"",""◌""],""usageCount"":828},{""sounds"":[""ŋ""],""id"":4,""letters"":[""ง""],""usageCount"":2338}]",3,NOUN,,,
194,เห็น,"[{""sounds"":[""h""],""id"":19,""letters"":[""ห""],""usageCount"":668},{""sounds"":[""e""],""id"":108,""letters"":[""เ"",""◌็""],""usageCount"":594},{""sounds"":[""n""],""id"":7,""letters"":[""น""],""usageCount"":4807}]",151,VERB,,,
195,หนึ่ง,"[{""sounds"":[""n""],""id"":60,""letters"":[""ห"",""น""],""usageCount"":336},{""sounds"":[""ɯ""],""id"":94,""letters"":[""◌ึ""],""usageCount"":530},{""sounds"":[""∅""],""id"":116,""letters"":[""◌่""],""usageCount"":2888},{""sounds"":[""ŋ""],""id"":4,""letters"":[""ง""],""usageCount"":2338}]",148,NUMBER,,,
196,เด็ก,"[{""sounds"":[""d""],""id"":5,""letters"":[""ด""],""usageCount"":1422},{""sounds"":[""e""],""id"":108,""letters"":[""เ"",""◌็""],""usageCount"":594},{""sounds"":[""k""],""id"":3,""letters"":[""ก""],""usageCount"":2467}]",130,NOUN,,,
197,ต้อง,"[{""sounds"":[""t""],""id"":48,""letters"":[""ต""],""usageCount"":849},{""sounds"":[""∅""],""id"":120,""letters"":[""้""],""usageCount"":384},{""sounds"":[""ɔː""],""id"":124,""letters"":[""อ""],""usageCount"":308},{""sounds"":[""ŋ""],""id"":4,""letters"":[""ง""],""usageCount"":2338}]",135,,,,
198,อย่าง,"[{""sounds"":[""y""],""id"":97,""letters"":[""อ"",""ย""],""usageCount"":484},{""sounds"":[""∅""],""id"":116,""letters"":[""◌่""],""usageCount"":2888},{""sounds"":[""aː""],""id"":13,""letters"":[""า""],""usageCount"":2949},{""sounds"":[""ŋ""],""id"":4,""letters"":[""ง""],""usageCount"":2338}]",131,PREPOSITION,,,
199,น้ำ,"[{""sounds"":[""n""],""id"":7,""letters"":[""น""],""usageCount"":4807},{""sounds"":[""∅""],""id"":117,""letters"":[""◌้""],""usageCount"":2612},{""sounds"":[""a"",""m""],""id"":126,""letters"":[""ำ""],""usageCount"":127}]",127,NOUN,,,
200,นี่,"[{""sounds"":[""n""],""id"":7,""letters"":[""น""],""usageCount"":4807},{""sounds"":[""iː""],""id"":16,""letters"":[""◌ี""],""usageCount"":1753},{""sounds"":[""∅""],""id"":116,""letters"":[""◌่""],""usageCount"":2888}]",121,PRONOUN,,,
201,ช่วย,"[{""sounds"":[""tɕʰ""],""id"":58,""letters"":[""ช""],""usageCount"":272},{""sounds"":[""∅""],""id"":116,""letters"":[""◌่""],""usageCount"":2888},{""sounds"":[""u"",""a""],""id"":84,""letters"":[""◌"",""ว""],""usageCount"":414},{""sounds"":[""y""],""id"":14,""letters"":[""ย""],""usageCount"":848}]",108,VERB,,,
202,น่า,"[{""sounds"":[""n""],""id"":7,""letters"":[""น""],""usageCount"":4807},{""sounds"":[""∅""],""id"":116,""letters"":[""◌่""],""usageCount"":2888},{""sounds"":[""aː""],""id"":13,""letters"":[""า""],""usageCount"":2949}]",100,ADVERB,,,
203,ทั้ง,"[{""sounds"":[""tʰ""],""id"":43,""letters"":[""ท""],""usageCount"":1096},{""sounds"":[""a""],""id"":34,""letters"":[""◌ั""],""usageCount"":2231},{""sounds"":[""∅""],""id"":117,""letters"":[""◌้""],""usageCount"":2612},{""sounds"":[""ŋ""],""id"":4,""letters"":[""ง""],""usageCount"":2338}]",93,,,,
204,เมื่อ,"[{""sounds"":[""m""],""id"":12,""letters"":[""ม""],""usageCount"":2447},{""sounds"":[""ɯ"",""a""],""id"":123,""letters"":[""เ"",""◌ื"",""่"",""อ""],""usageCount"":270}]",89,,,,
205,ใช้,"[{""sounds"":[""tɕʰ""],""id"":58,""letters"":[""ช""],""usageCount"":272},{""sounds"":[""∅""],""id"":117,""letters"":[""◌้""],""usageCount"":2612},{""sounds"":[""a"",""j""],""id"":105,""letters"":[""ใ◌◌""],""usageCount"":417}]",82,VERB,,,
206,เล่น,"[{""sounds"":[""l""],""id"":22,""letters"":[""ล""],""usageCount"":1641},{""sounds"":[""∅""],""id"":116,""letters"":[""◌่""],""usageCount"":2888},{""sounds"":[""eː""],""id"":106,""letters"":[""เ"",""◌"",""◌""],""usageCount"":95},{""sounds"":[""n""],""id"":7,""letters"":[""น""],""usageCount"":4807}]",78,VERB,,,
207,ฟ้า,"[{""sounds"":[""f""],""id"":10,""letters"":[""ฟ""],""usageCount"":133},{""sounds"":[""∅""],""id"":120,""letters"":[""้""],""usageCount"":384},{""sounds"":[""aː""],""id"":13,""letters"":[""า""],""usageCount"":2949}]",76,NOUN,,,
208,พ่อ,"[{""sounds"":[""pʰ""],""id"":21,""letters"":[""พ""],""usageCount"":398},{""sounds"":[""∅""],""id"":116,""letters"":[""◌่""],""usageCount"":2888},{""sounds"":[""ɔː""],""id"":31,""letters"":[""◌"",""อ""],""usageCount"":1183}]",74,NOUN,,,
